City_ID,City,Country,Lat,Lng,Max Temp,Humidity,Cloudiness,Wind Speed,Current Description
0,Phuthaditjhaba,ZA,-28.52,28.82,53.64,78,0,2.55,clear sky
1,Atuona,PF,-9.8,-139.03,77.41,76,59,19.55,light rain
2,Ponta Do Sol,PT,32.67,-17.1,69.8,73,40,14.99,scattered clouds
3,Airai,TL,-8.93,125.41,63.99,61,70,1.99,broken clouds
4,Ushuaia,AR,-54.8,-68.3,59.0,51,20,6.93,few clouds
5,Namibe,AO,-15.2,12.15,68.81,76,29,2.86,scattered clouds
6,Cape Town,ZA,-33.93,18.42,66.99,82,0,8.05,clear sky
7,Karoi,ZW,-16.81,29.69,70.43,58,16,10.11,few clouds
8,Hobart,AU,-42.88,147.33,69.01,55,75,9.17,broken clouds
9,College,US,64.86,-147.8,-5.8,69,75,4.7,light snow
10,Lompoc,US,34.64,-120.46,68.0,68,1,9.17,clear sky
11,Hilo,US,19.73,-155.09,87.8,55,75,3.36,broken clouds
12,Punta Arenas,CL,-53.15,-70.92,53.6,58,75,8.05,broken clouds
13,Pisco,PE,-13.7,-76.22,66.2,77,90,13.87,overcast clouds
14,Vung Tau,VN,10.35,107.08,78.8,80,76,6.15,broken clouds
15,Belaya Gora,RU,68.53,146.42,-11.96,81,0,8.9,clear sky
16,Mataura,NZ,-46.19,168.86,57.99,74,48,1.99,scattered clouds
17,Yellowknife,CA,62.46,-114.35,10.99,92,90,10.29,light snow
18,Mar Del Plata,AR,-38.0,-57.56,62.6,67,0,12.75,clear sky
19,Mount Gambier,AU,-37.83,140.77,68.0,52,97,9.17,overcast clouds
20,Boguchany,RU,58.38,97.45,22.69,96,27,5.77,scattered clouds
21,Port Elizabeth,ZA,-33.92,25.57,64.4,88,0,16.11,clear sky
22,Puerto Ayora,EC,-0.74,-90.35,78.8,65,40,17.22,scattered clouds
23,Hithadhoo,MV,-0.6,73.08,82.87,74,100,9.98,very heavy rain
24,Kahului,US,20.89,-156.47,89.6,52,40,16.11,scattered clouds
25,Rikitea,PF,-23.12,-134.97,72.3,81,30,18.25,scattered clouds
26,New Norfolk,AU,-42.78,147.06,69.01,35,100,1.01,heavy intensity rain
27,Vao,NC,-22.67,167.48,75.09,91,100,5.53,light rain
28,Albany,US,42.6,-73.97,37.0,59,1,1.99,clear sky
29,Najran,SA,17.49,44.13,60.8,26,0,1.32,clear sky
30,Ashta,IN,23.02,76.72,63.54,29,0,4.09,clear sky
31,Vaini,TO,-21.2,-175.2,80.6,78,75,11.41,broken clouds
32,Barrow,US,71.29,-156.79,26.6,79,75,12.75,light snow
33,Laguna,US,38.42,-121.42,82.99,21,1,1.77,clear sky
34,Grand Gaube,MU,-20.01,57.66,69.01,73,16,3.0,few clouds
35,Saint George,US,37.1,-113.58,69.8,26,20,2.35,few clouds
36,Saint-Pierre,RE,-21.34,55.48,69.8,56,90,4.7,overcast clouds
37,Tiksi,RU,71.69,128.87,3.92,89,100,4.56,overcast clouds
38,Te Anau,NZ,-45.42,167.72,58.12,52,58,0.74,broken clouds
39,Margherita,IN,27.28,95.68,68.77,93,49,1.25,light rain
40,Castro,BR,-24.79,-50.01,58.89,68,21,7.38,few clouds
41,Dikson,RU,73.51,80.55,17.15,96,100,9.78,overcast clouds
42,Bourail,NC,-21.57,165.48,82.38,53,100,1.7,overcast clouds
43,Bredasdorp,ZA,-34.53,20.04,66.2,82,35,12.75,scattered clouds
44,Qaanaaq,GL,77.48,-69.36,6.76,79,100,5.21,overcast clouds
45,Nefteyugansk,RU,61.1,72.6,24.8,100,75,6.71,broken clouds
46,Domoni,KM,-12.26,44.53,75.29,81,17,6.44,few clouds
47,Karratha,AU,-20.74,116.85,67.01,49,0,8.79,clear sky
48,Busselton,AU,-33.65,115.33,55.99,85,15,8.79,few clouds
49,Morondava,MG,-20.28,44.28,74.93,80,1,4.32,clear sky
50,Kyra,RU,49.58,111.98,11.53,83,0,3.53,clear sky
51,Jamestown,US,42.1,-79.24,37.0,69,90,13.87,overcast clouds
52,Sorong,ID,-0.88,131.25,78.85,83,100,4.18,light rain
53,Cockburn Town,TC,21.46,-71.14,82.4,69,20,6.93,few clouds
54,Altay,CN,47.87,88.12,30.25,82,59,2.55,broken clouds
55,Hay River,CA,60.82,-115.8,19.4,79,100,8.05,snow
56,Whitecourt,CA,54.15,-115.69,55.4,43,75,5.82,broken clouds
57,Saskylakh,RU,71.92,114.08,6.44,94,98,6.33,overcast clouds
58,Samoded,RU,63.61,40.51,36.37,88,84,11.65,broken clouds
59,Washington,US,47.5,-120.5,55.99,57,1,2.73,clear sky
60,Swan River,CA,52.11,-101.27,57.2,44,29,5.82,scattered clouds
61,Mezen,RU,65.85,44.24,32.27,94,17,12.35,few clouds
62,Severodvinsk,RU,64.56,39.83,30.2,86,90,15.66,overcast clouds
63,Butaritari,KI,3.07,172.79,81.27,74,62,17.92,broken clouds
64,Sitka,US,57.05,-135.33,42.8,75,90,9.17,light rain
65,Luderitz,NA,-26.65,15.16,61.52,83,87,5.28,overcast clouds
66,Hirakud,IN,21.52,83.87,71.26,63,0,5.44,clear sky
67,Saldanha,ZA,-33.01,17.94,71.6,56,98,5.82,overcast clouds
68,Ribeira Grande,PT,38.52,-28.7,60.8,59,75,8.05,broken clouds
69,Lasa,IT,46.62,10.7,42.8,93,5,1.12,clear sky
70,Urumqi,CN,43.8,87.6,33.8,69,0,4.47,clear sky
71,Santiago Del Estero,AR,-27.8,-64.26,85.19,23,0,6.71,clear sky
72,Minab,IR,27.15,57.08,69.8,88,0,6.93,mist
73,Cherskiy,RU,68.75,161.3,-4.99,90,100,11.21,overcast clouds
74,Nanakuli,US,21.39,-158.15,86.0,65,40,10.29,scattered clouds
75,Avarua,CK,-21.21,-159.78,75.2,73,100,9.17,light rain
76,Iberia,US,29.95,-91.75,68.0,28,1,8.05,clear sky
77,Penzance,GB,50.12,-5.54,51.8,66,25,13.87,moderate rain
78,Shumskiy,RU,54.83,99.13,32.5,93,100,3.24,overcast clouds
79,Santa Isabel Do Rio Negro,BR,-0.41,-65.02,83.98,64,48,1.43,scattered clouds
80,Cedar City,US,37.68,-113.06,64.4,22,90,8.05,thunderstorm
81,Havoysund,NO,71.0,24.66,41.0,87,75,34.45,broken clouds
82,Pachino,IT,36.72,15.09,57.99,93,0,4.7,clear sky
83,Mana,GF,5.66,-53.78,78.31,84,100,9.1,light rain
84,Rafiganj,IN,24.82,84.65,64.4,88,40,5.12,mist
85,Bishop Auckland,GB,54.66,-1.68,45.0,88,94,3.0,moderate rain
86,Pierre,US,44.37,-100.35,71.6,24,1,6.93,clear sky
87,Arraial Do Cabo,BR,-22.97,-42.03,71.6,60,75,5.82,broken clouds
88,Tuktoyaktuk,CA,69.45,-133.04,6.8,84,75,10.29,light snow
89,Okha,RU,53.57,142.95,31.87,95,0,11.81,clear sky
90,Kapaa,US,22.08,-159.32,81.0,74,20,11.41,few clouds
91,Esperance,AU,-33.87,121.9,59.0,100,90,10.29,overcast clouds
92,Dunedin,NZ,-45.87,170.5,55.0,66,98,31.0,overcast clouds
93,Ust-Kuyga,RU,70.02,135.6,-11.47,85,97,8.48,overcast clouds
94,Luebo,CD,-5.35,21.42,70.18,96,91,0.76,overcast clouds
95,Sociedad,SV,13.7,-88.02,87.8,62,75,2.24,broken clouds
96,Pangnirtung,CA,66.15,-65.71,17.6,52,40,2.24,scattered clouds
97,Enid,US,36.4,-97.88,71.6,35,1,16.11,clear sky
98,Luxor,EG,25.7,32.64,73.4,53,0,3.36,clear sky
99,Hirara,JP,24.8,125.28,73.4,83,75,16.11,shower rain
100,Hermanus,ZA,-34.42,19.23,64.0,86,3,8.99,clear sky
101,Sona,IT,45.44,10.83,55.0,100,75,1.12,mist
102,Kaitangata,NZ,-46.28,169.85,57.0,65,47,4.0,scattered clouds
103,Port Alfred,ZA,-33.59,26.89,66.7,83,36,21.56,scattered clouds
104,Lac Du Bonnet,CA,50.25,-96.06,48.2,57,0,10.29,clear sky
105,Guerrero Negro,MX,27.98,-114.06,77.77,49,17,15.3,light rain
106,East London,ZA,-33.02,27.91,67.35,84,74,15.05,light rain
107,Damghan,IR,36.17,54.35,56.26,36,91,1.45,overcast clouds
108,Westport,US,41.14,-73.36,41.0,41,1,12.75,clear sky
109,Iqaluit,CA,63.75,-68.51,17.6,67,75,11.41,light snow
110,Nome,US,64.5,-165.41,19.0,78,75,4.7,broken clouds
111,Ronda,ES,36.74,-5.17,62.01,46,0,1.7,clear sky
112,Astana,KZ,51.18,71.45,30.2,86,90,6.71,overcast clouds
113,Fort Nelson,CA,58.81,-122.7,10.4,85,75,4.7,light snow
114,Richards Bay,ZA,-28.78,32.04,67.57,92,38,6.55,scattered clouds
115,Kavaratti,IN,10.57,72.64,81.93,68,0,3.47,clear sky
116,Porkhov,RU,57.77,29.56,42.8,81,100,13.42,overcast clouds
117,Jilib,SO,0.49,42.79,75.9,88,100,4.0,overcast clouds
118,Cidreira,BR,-30.18,-50.21,62.71,76,0,7.56,clear sky
119,Calvinia,ZA,-31.47,19.78,69.31,26,23,2.51,few clouds
120,Lorengau,PG,-2.02,147.27,84.45,69,2,2.48,clear sky
121,Tasiilaq,GL,65.61,-37.64,30.2,50,0,2.24,clear sky
122,Akbarpur,IN,26.42,82.55,66.81,34,0,5.14,clear sky
123,Manaure,CO,11.78,-72.44,83.44,76,100,11.77,light rain
124,Barra Do Garcas,BR,-15.89,-52.26,81.46,54,75,5.08,broken clouds
125,Santa Rosa,PH,14.31,121.11,78.8,94,20,2.24,few clouds
126,Mareeba,AU,-17.0,145.43,84.99,69,23,11.41,few clouds
127,Surgut,RU,61.25,73.42,24.8,100,75,6.71,broken clouds
128,Bandar-E Lengeh,IR,26.56,54.88,71.6,78,0,4.7,haze
129,Nikolskoye,RU,59.7,30.79,43.0,87,90,13.42,overcast clouds
130,Chivacoa,VE,10.16,-68.89,86.0,48,29,8.05,light rain
131,Lebu,CL,-37.62,-73.65,53.33,85,73,11.63,broken clouds
132,Khatanga,RU,71.97,102.5,11.7,96,100,6.58,light snow
133,Bluff,NZ,-46.6,168.33,57.99,74,74,1.99,broken clouds
134,Thinadhoo,MV,0.53,72.93,82.58,75,99,8.43,moderate rain
135,Berlevag,NO,70.86,29.09,41.0,80,75,27.51,broken clouds
136,Tazovskiy,RU,67.47,78.7,17.91,98,95,10.69,overcast clouds
137,Mertoyudan,ID,-7.52,110.23,70.41,87,51,0.67,broken clouds
138,Mahebourg,MU,-20.41,57.7,69.8,73,75,4.7,shower rain
139,Buhe,CN,30.29,112.23,55.76,56,64,6.17,broken clouds
140,Urdoma,RU,61.75,48.54,27.12,96,0,8.1,clear sky
141,Labuhan,ID,-6.88,112.21,78.33,84,100,7.2,overcast clouds
142,Garissa,KE,-0.45,39.64,78.21,65,66,15.23,broken clouds
143,Bayanday,RU,53.07,105.51,22.1,84,100,2.62,overcast clouds
144,Ancud,CL,-41.87,-73.82,55.99,81,75,9.17,broken clouds
145,Mount Isa,AU,-20.73,139.5,84.2,17,1,1.12,clear sky
146,Wagar,SD,16.15,36.2,80.67,52,30,10.49,scattered clouds
147,Arandis,NA,-22.42,14.97,59.0,88,6,3.0,clear sky
148,Comodoro Rivadavia,AR,-45.87,-67.5,73.4,43,0,4.7,clear sky
149,Namatanai,PG,-3.67,152.43,84.42,72,8,3.18,clear sky
150,Nantucket,US,41.28,-70.1,39.2,48,40,25.28,scattered clouds
151,Shulan,CN,44.42,126.95,22.78,80,97,11.79,overcast clouds
152,Mirnyy,RU,62.54,113.96,8.6,78,20,8.95,light snow
153,Nakambala,ZM,-15.83,27.78,73.54,54,0,7.36,clear sky
154,Palmer,US,42.16,-72.33,35.6,43,20,21.92,few clouds
155,Amahai,ID,-3.33,128.92,82.99,93,100,3.0,overcast clouds
156,Moron,AR,-34.65,-58.62,71.01,30,14,5.99,few clouds
157,Hamilton,US,39.18,-84.53,46.99,28,1,11.41,clear sky
158,Bengkulu,ID,-3.8,102.27,74.97,91,100,6.67,light rain
159,Hajnowka,PL,52.74,23.58,48.0,83,100,1.99,light rain
160,Muriti,TZ,-1.98,32.92,75.2,78,75,6.24,broken clouds
161,Muros,ES,42.78,-9.06,48.0,94,37,4.56,scattered clouds
162,Chokurdakh,RU,70.63,147.92,-9.54,90,96,9.93,overcast clouds
163,Ilulissat,GL,69.22,-51.1,19.4,67,45,16.11,scattered clouds
164,Bathsheba,BB,13.22,-59.52,82.4,69,40,17.22,scattered clouds
165,Tura,IN,25.52,90.22,69.93,91,73,1.23,broken clouds
166,Tilichiki,RU,60.47,166.1,30.85,99,99,0.74,overcast clouds
167,Konya,TR,38.17,32.5,41.0,56,0,2.13,clear sky
168,Okhotsk,RU,59.38,143.3,31.89,93,100,28.12,overcast clouds
169,Huarmey,PE,-10.07,-78.15,65.62,70,95,7.74,overcast clouds
170,Quarteira,PT,37.07,-8.1,69.8,68,0,9.17,clear sky
171,Aykhal,RU,66.0,111.5,6.8,84,75,6.71,broken clouds
172,Alepe,CI,5.5,-3.66,78.8,88,40,5.82,scattered clouds
173,Memmingen,DE,47.98,10.19,62.01,77,98,11.41,overcast clouds
174,Vinh,VN,18.67,105.67,68.27,86,100,8.61,overcast clouds
175,Matara,LK,5.95,80.54,76.51,87,85,6.76,overcast clouds
176,Shahr-E Babak,IR,30.12,55.12,48.78,43,0,4.81,clear sky
177,Ambagarh Chauki,IN,20.78,80.72,66.85,64,0,4.63,clear sky
178,Ponta Delgada,PT,37.73,-25.67,62.6,63,75,9.17,broken clouds
179,Katsuura,JP,35.13,140.3,60.8,93,75,3.36,light intensity shower rain
180,Ambon,ID,-3.7,128.18,82.99,93,100,3.0,overcast clouds
181,Sturgis,US,41.8,-85.42,46.4,24,1,11.41,clear sky
182,Visby,SE,57.64,18.3,59.0,87,81,24.16,broken clouds
183,Inuvik,CA,68.35,-133.72,1.4,77,97,3.36,overcast clouds
184,Geraldton,AU,-28.77,114.6,55.4,93,64,5.82,light rain
185,Rio Grande,BR,-32.03,-52.1,63.0,81,5,1.99,clear sky
186,Sola,VU,-13.88,167.55,77.0,94,90,3.36,heavy intensity rain
187,Port Angeles,US,48.12,-123.43,48.2,93,90,1.3,fog
188,Nemuro,JP,43.32,145.57,48.74,83,100,17.43,light rain
189,Sao Jose Da Coroa Grande,BR,-8.9,-35.15,78.04,81,5,11.74,clear sky
190,Longyearbyen,SJ,78.22,15.64,35.6,69,75,43.62,light snow
191,Pevek,RU,69.7,170.31,12.56,88,67,21.05,broken clouds
192,Castelo Do Piaui,BR,-5.32,-41.55,75.09,89,100,5.57,heavy intensity rain
193,Nyurba,RU,63.28,118.33,8.29,85,100,8.19,overcast clouds
194,Jaumave,MX,23.42,-99.38,80.6,30,40,11.41,scattered clouds
195,Kodiak,US,57.79,-152.41,30.2,42,1,14.99,clear sky
196,Saint-Joseph,RE,-21.37,55.62,69.8,56,90,4.7,overcast clouds
197,Constitucion,CL,-35.33,-72.42,57.99,79,50,11.63,scattered clouds
198,Ostrovnoy,RU,68.05,39.51,37.36,81,99,35.5,overcast clouds
199,Thompson,CA,55.74,-97.86,21.2,92,90,6.93,light snow
200,Kulhudhuffushi,MV,6.62,73.07,82.4,69,1,5.01,clear sky
201,Mecca,SA,21.43,39.83,78.15,66,0,6.22,clear sky
202,Yulara,AU,-25.24,130.99,75.2,25,33,5.82,scattered clouds
203,Half Moon Bay,US,37.46,-122.43,80.01,64,5,5.82,clear sky
204,Kamarion,GR,36.8,25.82,64.0,66,58,1.99,broken clouds
205,Yarada,IN,17.65,83.27,78.8,94,75,2.24,mist
206,Guhagar,IN,17.48,73.19,76.35,74,7,4.68,clear sky
207,San Patricio,US,28.02,-97.52,75.0,46,20,10.29,few clouds
208,Shingu,JP,33.73,135.98,58.55,89,79,4.81,broken clouds
209,Iralaya,HN,15.0,-83.23,64.4,100,90,4.7,light rain
210,Port Hardy,CA,50.7,-127.42,50.0,100,90,23.04,moderate rain
211,Lapy,PL,52.99,22.88,48.99,100,100,9.24,light rain
212,Sao Joao Da Barra,BR,-21.64,-41.05,71.6,60,75,13.87,broken clouds
213,Columbus,US,39.96,-83.0,46.99,28,1,14.99,clear sky
214,Necochea,AR,-38.55,-58.74,72.0,47,9,11.01,clear sky
215,Zyryanka,RU,65.75,150.85,-9.63,90,0,6.17,clear sky
216,Zarinsk,RU,53.71,84.95,29.82,98,99,4.21,overcast clouds
217,Deputatskiy,RU,69.3,139.9,-13.9,83,8,2.98,clear sky
218,Yeniseysk,RU,58.45,92.17,29.43,97,99,7.4,overcast clouds
219,Coari,BR,-4.08,-63.14,83.8,62,20,1.63,few clouds
220,Puerto Quijarro,BO,-17.78,-57.77,86.43,36,80,4.97,broken clouds
221,Puqi,CN,29.72,113.88,55.18,68,45,5.01,scattered clouds
222,Leningradskiy,RU,69.38,178.42,17.15,93,100,6.6,overcast clouds
223,Kavieng,PG,-2.57,150.8,84.42,70,2,3.67,clear sky
224,Talnakh,RU,69.49,88.4,12.2,92,40,2.24,haze
225,Flic En Flac,MU,-20.27,57.36,69.8,73,75,4.7,shower rain
226,Upernavik,GL,72.79,-56.15,16.75,92,99,7.2,overcast clouds
227,Lata,PT,40.16,-8.33,60.01,95,100,1.01,overcast clouds
228,Tokmak,UA,47.25,35.71,47.88,85,92,4.88,overcast clouds
229,Vostok,RU,46.49,135.88,18.37,97,80,6.06,broken clouds
230,Toora-Khem,RU,52.47,96.11,24.19,93,100,2.01,overcast clouds
231,Viedma,AR,-40.81,-63.0,82.0,26,0,4.0,clear sky
232,Ongandjera,NA,-17.88,15.07,77.9,17,25,11.43,scattered clouds
233,Inirida,CO,3.87,-67.92,78.17,90,98,1.88,light rain
234,Mitu,CO,1.2,-70.17,77.94,94,97,1.74,light rain
235,Sayat,TM,38.78,63.88,48.2,39,0,6.93,clear sky
236,Changping,CN,40.22,116.22,42.01,54,0,4.47,clear sky
237,Isangel,VU,-19.55,169.27,80.6,78,75,5.82,broken clouds
238,Sao Filipe,CV,14.9,-24.5,80.83,62,51,5.19,broken clouds
239,Padang,ID,-0.95,100.35,77.79,75,100,3.27,light rain
240,Sarangani,PH,5.4,125.46,83.21,70,100,3.33,overcast clouds
241,Buala,SB,-8.14,159.59,81.36,81,100,7.85,moderate rain
242,Mayo,US,38.89,-76.51,46.99,36,1,12.75,clear sky
243,Lagoa,PT,39.05,-27.98,62.37,63,100,13.91,overcast clouds
244,Carnarvon,AU,-24.87,113.63,60.8,82,40,5.82,scattered clouds
245,Umba,RU,66.69,34.34,38.5,90,100,21.88,moderate rain
246,Carndonagh,IE,55.25,-7.27,43.38,80,100,16.08,moderate rain
247,Klaksvik,FO,62.23,-6.59,42.8,81,0,16.11,light rain
248,Gobabis,NA,-22.45,18.97,69.96,52,97,18.34,overcast clouds
249,Raga,SS,8.46,25.68,74.77,72,13,1.61,few clouds
250,Benguela,AO,-12.58,13.41,78.94,75,94,5.7,light rain
251,Balkanabat,TM,39.51,54.37,65.59,28,29,2.44,scattered clouds
252,Coquimbo,CL,-29.95,-71.34,57.2,76,75,10.29,broken clouds
253,San Pedro,PH,14.35,121.02,78.8,94,20,2.24,few clouds
254,Prainha,BR,-1.8,-53.48,87.03,50,24,1.41,light rain
255,Marawi,PH,8.0,124.29,72.0,90,100,5.01,overcast clouds
256,Alekseyevsk,RU,57.84,108.35,23.0,96,100,10.69,light snow
257,Ialibu,PG,-6.28,143.99,62.47,91,100,0.67,overcast clouds
258,Bethel,US,41.37,-73.41,37.4,40,1,16.11,clear sky
259,Ramon,PH,16.78,121.53,73.89,90,100,2.57,overcast clouds
260,Port Augusta,AU,-32.5,137.77,77.0,40,15,8.05,few clouds
261,Imbituba,BR,-28.24,-48.67,68.0,60,75,8.05,broken clouds
262,Atlantis,ZA,-33.57,18.48,66.0,82,0,7.99,clear sky
263,Haines Junction,CA,60.75,-137.51,6.8,55,97,9.17,overcast clouds
264,Shache,CN,38.42,77.24,36.05,77,100,1.88,overcast clouds
265,Somerset West,ZA,-34.08,18.82,66.0,82,0,8.05,clear sky
266,Ornskoldsvik,SE,63.29,18.72,37.4,100,31,2.24,fog
267,Andenes,NO,69.31,16.12,44.01,93,75,9.17,light rain
268,Victoria,HK,22.29,114.16,72.0,71,40,10.65,scattered clouds
269,The Valley,AI,18.22,-63.06,84.2,83,20,13.87,haze
270,Salalah,OM,17.02,54.09,73.4,60,0,5.82,clear sky
271,Adolfo Lopez Mateos,MX,28.47,-107.3,63.0,27,100,7.0,overcast clouds
272,Narsaq,GL,60.92,-46.05,24.8,45,97,6.93,overcast clouds
273,Codrington,AU,-38.27,141.97,66.58,67,98,15.59,overcast clouds
274,Bonthe,SL,7.53,-12.51,79.09,82,45,3.42,scattered clouds
275,Chateaubelair,VC,13.28,-61.25,80.6,83,40,5.82,scattered clouds
276,Emba,KZ,48.83,58.14,45.16,54,87,7.7,overcast clouds
277,Bam,IR,29.11,58.36,56.5,35,0,4.07,clear sky
278,Sakakah,SA,29.97,40.21,71.6,49,75,9.17,thunderstorm
279,Mogadishu,SO,2.04,45.34,79.11,82,70,8.9,light rain
280,Aksu,CN,41.12,80.26,38.73,65,58,0.56,broken clouds
281,Tomatlan,MX,19.93,-105.25,88.93,47,0,7.99,clear sky
282,Northampton,US,40.88,-75.25,42.01,51,0,4.0,clear sky
283,Zhigansk,RU,66.77,123.37,-0.35,91,100,21.25,overcast clouds
284,Srednekolymsk,RU,67.45,153.68,-9.85,87,0,9.08,clear sky
285,Kusadak,RS,44.4,20.8,57.2,82,100,3.36,overcast clouds
286,Honiara,SB,-9.43,159.95,77.0,100,75,4.7,light intensity drizzle
287,Inhambane,MZ,-23.86,35.38,71.91,79,1,5.73,clear sky
288,Risor,NO,58.72,9.23,48.0,90,3,1.01,clear sky
289,Masuda,JP,34.67,131.85,53.6,81,20,6.93,few clouds
290,Georgetown,MY,5.41,100.34,77.0,94,20,3.36,few clouds
291,Rongcheng,CN,30.63,117.85,50.13,63,0,4.47,clear sky
292,Providencia,MX,28.72,-111.58,100.0,17,6,3.0,clear sky
293,Asau,RO,46.43,26.4,46.0,87,100,4.34,overcast clouds
294,Jalu,LY,29.03,21.55,64.65,59,0,9.31,clear sky
295,Boende,CD,-0.22,20.87,71.24,97,100,1.5,overcast clouds
296,Johnshaven,GB,56.79,-2.34,41.0,86,99,4.7,overcast clouds
297,Chuy,UY,-33.7,-53.46,58.64,83,52,7.25,broken clouds
298,Hualmay,PE,-11.1,-77.61,65.16,71,97,6.8,overcast clouds
299,Monte Escobedo,MX,22.3,-103.58,66.02,27,0,13.42,clear sky
300,Kungsbacka,SE,57.49,12.08,52.0,93,75,17.22,broken clouds
301,Bratsk,RU,56.13,101.61,24.8,92,100,2.24,overcast clouds
302,San Quintin,MX,30.48,-115.95,73.38,57,0,13.06,clear sky
303,Aloleng,PH,16.13,119.78,78.49,82,100,6.8,overcast clouds
304,Novikovo,RU,51.15,37.89,48.9,88,92,9.69,light rain
305,Gushikawa,JP,26.35,127.87,73.4,83,75,17.22,broken clouds
306,Batagay-Alyta,RU,67.8,130.41,-6.68,83,94,1.41,overcast clouds
307,Faanui,PF,-16.48,-151.75,79.83,80,0,18.77,clear sky
308,Wilmington,US,34.23,-77.94,52.0,34,1,10.29,clear sky
309,Vestmanna,FO,62.16,-7.17,42.8,81,3,16.11,light rain
310,Mehamn,NO,71.04,27.85,37.4,86,0,26.4,clear sky
311,Puerto Del Rosario,ES,28.5,-13.86,69.8,88,40,13.87,scattered clouds
312,Gambela,ET,8.25,34.58,72.88,78,32,2.98,scattered clouds
313,Ust-Karsk,RU,52.7,118.81,9.57,85,0,2.01,clear sky
314,Kisangani,CD,0.52,25.2,69.73,94,100,2.06,light rain
315,Rio Cuarto,AR,-33.13,-64.35,82.4,23,0,24.16,clear sky
316,Esil,KZ,51.96,66.4,29.68,96,7,4.36,clear sky
317,Mosquera,CO,4.71,-74.23,64.4,63,40,12.75,scattered clouds
318,Bambous Virieux,MU,-20.34,57.76,69.8,73,75,4.7,shower rain
319,Taoudenni,ML,22.68,-3.98,80.06,17,100,8.21,overcast clouds
320,Saint-Andre,RE,-20.95,55.65,68.0,64,75,5.82,broken clouds
321,Usinsk,RU,65.99,57.53,31.87,98,98,19.01,overcast clouds
322,Great Falls,US,47.5,-111.3,70.0,15,1,26.4,clear sky
323,Roald,NO,62.58,6.13,48.2,76,100,12.75,light rain
324,Akdagmadeni,TR,39.66,35.88,39.54,70,8,0.98,clear sky
325,Tsabong,BW,-26.02,22.4,74.55,45,100,20.51,overcast clouds
326,Ulaangom,MN,49.98,92.07,23.23,95,87,2.3,overcast clouds
327,Say,NE,13.1,2.37,82.4,24,20,6.62,few clouds
328,Bereda,ES,43.27,-7.54,48.0,100,94,3.0,overcast clouds
329,Sorland,NO,67.67,12.69,44.6,93,75,3.36,broken clouds
330,Sabang,ID,5.89,95.32,81.18,79,41,4.85,light rain
331,Tangwani,PK,28.28,69.0,62.6,77,0,4.74,haze
332,Kruisfontein,ZA,-34.0,24.73,61.0,92,0,7.45,clear sky
333,Clyde River,CA,70.47,-68.59,12.2,85,75,12.75,light snow
334,Saint-Philippe,RE,-21.36,55.77,69.8,56,90,4.7,overcast clouds
335,Iquitos,PE,-3.75,-73.25,89.6,55,40,2.24,scattered clouds
336,Bakchar,RU,57.02,82.07,30.65,98,100,5.55,overcast clouds
337,Quatre Cocos,MU,-20.21,57.76,69.8,73,75,4.7,shower rain
338,Chute-Aux-Outardes,CA,49.12,-68.4,28.4,74,90,17.22,overcast clouds
339,Taruma,BR,-22.75,-50.58,72.0,37,0,6.29,clear sky
340,Buraydah,SA,26.33,43.98,64.4,42,0,3.36,clear sky
341,Merauke,ID,-8.47,140.33,82.38,79,100,14.63,moderate rain
342,Steamboat Springs,US,40.48,-106.83,62.6,18,1,2.42,clear sky
343,Vestmannaeyjar,IS,63.44,-20.27,43.72,72,100,31.23,overcast clouds
344,Coxim,BR,-18.51,-54.76,83.62,40,30,8.1,scattered clouds
345,Phan Thiet,VN,10.93,108.1,75.56,82,88,4.7,overcast clouds
346,Port Blair,IN,11.67,92.75,79.9,79,100,4.7,overcast clouds
347,Charters Towers,AU,-20.1,146.27,77.29,64,12,15.84,few clouds
348,Marsabit,KE,2.33,37.99,67.23,83,87,11.5,moderate rain
349,Kamaishi,JP,39.27,141.88,54.61,74,96,3.47,overcast clouds
350,Santiago,CL,-33.46,-70.65,78.8,24,0,9.17,clear sky
351,Mayumba,GA,-3.43,10.66,76.69,90,12,3.76,few clouds
352,Homer,US,59.64,-151.55,28.4,21,90,14.99,overcast clouds
353,Buba,GW,11.58,-15.0,78.21,80,0,5.55,clear sky
354,Dedza,MW,-14.38,34.33,64.74,77,57,5.97,broken clouds
355,Fairbanks,US,64.84,-147.72,-5.8,76,75,2.1,mist
356,Akyab,MM,20.15,92.9,78.6,84,90,4.61,overcast clouds
357,Neiafu,TO,-18.65,-173.98,80.6,78,40,13.87,scattered clouds
358,Norman Wells,CA,65.28,-126.83,8.6,84,90,8.05,light snow
359,Tessalit,ML,20.2,1.01,73.98,20,100,11.01,overcast clouds
360,Mandla,IN,22.6,80.38,62.56,48,11,3.04,few clouds
361,Husavik,IS,66.04,-17.34,41.0,52,75,4.7,broken clouds
362,Paciran,ID,-6.88,112.38,78.73,83,100,6.58,overcast clouds
363,Nuuk,GL,64.18,-51.72,23.0,53,40,18.34,scattered clouds
364,Uyuni,BO,-20.46,-66.83,58.53,19,0,10.4,clear sky
365,Pestyaki,RU,56.71,42.67,35.6,94,68,5.23,broken clouds
366,Krems,AT,48.41,15.61,61.0,93,96,5.55,overcast clouds
367,Houma,US,29.6,-90.72,66.2,32,1,14.99,clear sky
368,Beisfjord,NO,68.38,17.6,44.6,93,100,34.45,light rain
369,Rundu,NA,-17.93,19.77,71.98,62,74,6.67,broken clouds
370,Baiyin,CN,36.56,104.21,45.0,68,0,4.47,clear sky
371,Coihaique,CL,-45.58,-72.07,62.6,48,0,4.7,clear sky
372,Bundaberg,AU,-24.85,152.35,69.8,68,60,10.29,broken clouds
373,Talakan,RU,50.32,130.37,21.42,92,100,11.54,overcast clouds
374,Byron Bay,AU,-28.65,153.62,66.2,63,90,12.75,overcast clouds
375,San Cristobal,VE,7.77,-72.22,71.83,88,91,0.6,light rain
376,Hasaki,JP,35.73,140.83,57.2,100,75,4.7,light intensity shower rain
377,Ugoofaaru,MV,5.67,73.0,82.49,74,21,6.8,light rain
378,Farsund,NO,58.09,6.8,51.01,83,79,17.4,light rain
379,Severo-Kurilsk,RU,50.68,156.12,43.74,82,100,25.72,light rain
380,Manadhoo,MV,5.77,73.38,82.17,74,24,5.17,light rain
381,Simao,CN,22.79,100.97,62.46,95,95,2.17,overcast clouds
382,Isla Vista,US,34.41,-119.86,86.0,77,75,6.93,fog
383,Zaysan,KZ,47.47,84.87,36.23,74,95,2.26,overcast clouds
384,Coos Bay,US,43.37,-124.22,64.99,93,75,5.82,broken clouds
385,Sinop,TR,41.77,34.87,45.86,74,9,5.32,clear sky
386,Aviles,ES,43.55,-5.92,57.0,93,75,8.05,broken clouds
387,Picos,BR,-7.08,-41.47,74.44,91,100,4.34,light rain
388,Mission Viejo,US,33.6,-117.67,79.0,50,0,6.55,clear sky
389,Lakes Entrance,AU,-37.88,147.98,71.01,72,5,1.01,clear sky
390,Cabo San Lucas,MX,22.89,-109.91,88.0,58,20,10.29,few clouds
391,Longmont,US,40.17,-105.1,77.0,10,1,4.7,clear sky
392,Ussel,FR,45.55,2.32,53.01,55,96,2.08,light rain
393,Souillac,MU,-20.52,57.52,69.8,73,75,4.7,shower rain
394,La Ronge,CA,55.1,-105.28,44.6,65,71,5.82,broken clouds
395,Petropavlovsk-Kamchatskiy,RU,53.05,158.65,41.0,93,40,11.18,scattered clouds
396,Lavrentiya,RU,65.58,-171.0,20.53,87,0,3.27,clear sky
397,Road Town,VG,18.42,-64.62,84.2,74,40,11.41,scattered clouds
398,Takoradi,GH,4.88,-1.76,78.42,86,100,4.36,overcast clouds
399,Havelock,US,34.88,-76.9,50.0,37,1,10.29,clear sky
400,San Carlos Del Zulia,VE,9.0,-71.91,83.53,73,73,4.34,broken clouds
401,Rorvik,NO,64.86,11.24,46.4,75,40,19.46,shower rain
402,Beringovskiy,RU,63.05,179.32,26.38,93,81,5.37,broken clouds
403,Stralsund,DE,54.31,13.08,57.99,92,60,1.01,light rain
404,Casambalangan,PH,18.38,122.13,77.86,81,100,10.38,light rain
405,Komsomolskiy,UZ,40.43,71.72,44.6,39,0,6.93,clear sky
406,Vila Velha,BR,-20.33,-40.29,73.4,53,75,13.87,broken clouds
407,Bani Walid,LY,31.76,13.99,62.04,74,0,7.11,clear sky
408,Pavelets,RU,53.79,39.25,39.99,88,100,10.8,overcast clouds
409,Oranjemund,NA,-28.55,16.43,61.75,89,57,11.59,broken clouds
410,Sao Mateus,BR,-18.72,-39.86,68.47,80,33,8.88,scattered clouds
411,Ixtapa,MX,20.7,-105.2,86.0,70,5,11.41,clear sky
412,Parati,BR,-23.22,-44.71,68.0,60,75,8.05,broken clouds
413,Povenets,RU,62.85,34.83,43.47,84,100,22.15,light rain
414,Naze,JP,28.37,129.48,75.2,73,75,23.04,broken clouds
415,Torrington,US,41.8,-73.12,36.0,61,2,8.01,clear sky
416,Visegrad,BA,43.78,19.3,53.6,66,100,2.24,overcast clouds
417,Evensk,RU,61.95,159.23,25.74,97,100,5.1,overcast clouds
418,Puerto Leguizamo,CO,-0.19,-74.78,83.53,73,76,0.63,broken clouds
419,Bousse,BF,12.66,-1.89,82.4,42,68,3.36,broken clouds
420,Sungairaya,ID,0.7,108.9,78.39,86,93,4.14,overcast clouds
421,Sumbe,AO,-11.21,13.84,77.43,86,86,5.35,overcast clouds
422,Tarn Taran,IN,31.45,74.93,62.6,82,0,1.45,mist
423,Noshiro,JP,40.2,140.02,48.2,100,75,12.75,broken clouds
424,Dukat,RU,62.55,155.55,10.65,96,100,3.4,overcast clouds
425,Noumea,NC,-22.28,166.46,82.99,65,0,2.24,clear sky
426,Whitehorse,CA,60.72,-135.05,3.2,65,20,8.05,few clouds
427,Yelkhovka,RU,53.87,50.28,32.0,89,52,4.47,broken clouds
428,Juegang,CN,32.32,121.19,55.99,99,3,15.97,clear sky
429,Quang Ngai,VN,15.12,108.8,72.39,86,94,6.51,light rain
430,Camacha,PT,33.08,-16.33,69.8,77,40,12.75,scattered clouds
431,Manta,EC,-0.95,-80.73,78.8,69,40,13.87,scattered clouds
432,Kargasok,RU,59.06,80.86,28.96,99,100,4.88,overcast clouds
433,Ati,TD,13.22,18.34,86.92,22,67,14.79,broken clouds
434,Lajeado,BR,-29.47,-51.96,66.99,70,2,5.01,clear sky
435,Baykit,RU,61.67,96.37,20.93,94,91,6.17,overcast clouds
436,Gorontalo,ID,0.54,123.06,75.29,72,93,2.28,light rain
437,Bardiyah,LY,31.76,25.09,68.31,63,41,7.49,scattered clouds
438,Shakiso,ET,5.75,38.92,55.58,94,0,3.0,clear sky
439,Mokhsogollokh,RU,61.47,128.92,-10.88,90,0,2.57,clear sky
440,Dzhebariki-Khaya,RU,62.22,135.8,-13.4,87,0,3.36,clear sky
441,Budingen,DE,50.3,9.12,55.99,83,76,1.01,moderate rain
442,Teya,RU,60.38,92.63,23.65,95,92,5.37,overcast clouds
443,Harper,LR,4.38,-7.72,78.15,86,41,3.42,scattered clouds
444,La Asuncion,VE,11.03,-63.86,84.2,74,76,18.34,broken clouds
445,Vredendal,ZA,-31.67,18.5,73.35,34,35,3.18,scattered clouds
446,Lima,PE,-12.04,-77.03,68.0,72,20,8.05,few clouds
447,Boa Vista,BR,2.82,-60.67,89.6,49,20,3.36,few clouds
448,Port-Cartier,CA,50.03,-66.87,30.99,86,100,18.34,overcast clouds
449,Great Yarmouth,GB,52.61,1.73,48.99,86,7,1.99,clear sky
450,Verkhnyaya Inta,RU,65.98,60.31,31.5,98,100,20.4,overcast clouds
451,Krasnoselkup,RU,65.7,82.47,17.89,97,96,12.84,overcast clouds
452,Shimanovsk,RU,52.0,127.7,10.99,87,95,13.71,overcast clouds
453,Poso,ID,-1.4,120.75,79.0,74,90,3.6,overcast clouds
454,Alofi,NU,-19.06,-169.92,80.6,78,75,20.8,broken clouds
455,Korampallam,IN,8.77,78.1,81.39,69,0,2.48,clear sky
456,Poum,NC,-20.23,164.02,77.58,77,99,3.09,moderate rain
457,Villa Alemana,CL,-33.04,-71.37,60.8,87,75,11.41,broken clouds
458,Lalin,ES,42.72,-8.12,46.4,100,0,0.76,clear sky
459,Piacabucu,BR,-10.41,-36.43,77.7,86,58,8.84,light rain
460,Itoman,JP,26.12,127.67,73.4,83,75,18.34,light intensity shower rain
461,Barras,BR,-4.24,-42.29,81.82,71,99,1.21,moderate rain
462,Storforshei,NO,66.4,14.52,46.0,93,75,12.75,broken clouds
463,Banjar,ID,-8.19,114.97,76.42,70,97,3.8,overcast clouds
464,Cap Malheureux,MU,-19.98,57.61,69.01,73,16,3.0,few clouds
465,Nouadhibou,MR,20.93,-17.03,75.2,50,13,19.46,few clouds
466,Yumen,CN,40.28,97.2,36.27,67,0,10.47,clear sky
467,Nebbi,UG,2.48,31.09,68.41,76,91,3.36,overcast clouds
468,Ipixuna,BR,-1.76,-48.8,84.2,74,0,10.29,clear sky
469,Mahajanga,MG,-15.72,46.32,77.0,83,40,5.82,scattered clouds
470,Paris,FR,48.85,2.35,52.0,76,0,11.41,clear sky
471,Cap-Aux-Meules,CA,47.38,-61.86,46.4,70,73,29.97,broken clouds
472,Nishihara,JP,26.18,127.76,73.4,94,90,11.41,mist
473,Caconda,AO,-13.73,15.07,62.8,88,100,6.89,light rain
474,Eyl,SO,7.98,49.82,80.13,73,13,18.07,few clouds
475,Hovd,MN,48.01,91.64,26.92,78,30,2.3,scattered clouds
476,Antequera,ES,37.02,-4.56,64.99,93,20,1.12,mist
477,Tateyama,JP,34.98,139.87,60.8,93,75,3.36,light intensity shower rain
478,Tungor,RU,53.38,142.96,31.1,95,0,9.86,clear sky
479,Shubarkuduk,KZ,49.14,56.49,46.11,53,1,9.71,clear sky
480,A Coruna,ES,43.37,-8.4,55.0,100,20,4.7,few clouds
481,Shubarshi,KZ,48.59,57.19,46.11,52,21,8.88,few clouds
482,Tuatapere,NZ,-46.13,167.68,57.99,74,62,1.99,broken clouds
483,Beira,MZ,-19.84,34.84,77.0,78,20,8.05,few clouds
484,Colares,PT,38.8,-9.45,62.01,93,100,11.01,overcast clouds
485,Ambilobe,MG,-13.2,49.05,71.74,69,53,5.48,broken clouds
486,Awbari,LY,26.59,12.78,61.74,52,2,6.26,clear sky
487,Igarka,RU,67.47,86.58,12.7,96,98,9.13,light snow
488,Ocumare Del Tuy,VE,10.12,-66.78,75.0,94,98,2.57,moderate rain
489,Saint Anthony,US,45.02,-93.22,60.8,41,1,5.82,clear sky
490,Wuwei,CN,37.93,102.64,36.99,67,66,1.74,broken clouds
491,Acapulco,MX,16.86,-99.89,86.0,79,20,11.41,few clouds
492,Kukuna,SL,9.4,-12.67,77.07,87,25,3.76,scattered clouds
493,Makakilo City,US,21.35,-158.09,86.0,65,40,10.29,scattered clouds
494,Fairfield,US,41.27,-73.32,39.0,40,1,16.11,clear sky
495,Channel-Port Aux Basques,CA,47.57,-59.14,51.85,74,89,33.42,overcast clouds
496,Lermontovka,RU,47.15,134.34,26.33,88,98,9.89,overcast clouds
497,Vardo,NO,70.37,31.11,37.4,86,75,29.97,broken clouds
498,Markdorf,DE,47.72,9.4,59.0,93,98,1.12,overcast clouds
499,Vikhorevka,RU,56.12,101.16,24.8,92,100,2.24,overcast clouds
500,Adrar,MR,20.5,-10.07,82.67,16,100,10.63,overcast clouds
501,Aktash,RU,50.3,87.73,17.22,83,100,3.33,overcast clouds
502,Saint-Leu,RE,-21.15,55.28,69.8,56,90,4.7,overcast clouds
503,Paamiut,GL,61.99,-49.67,31.46,84,100,18.9,overcast clouds
504,Mandalgovi,MN,45.76,106.27,23.54,78,0,8.03,clear sky
505,Zhoukou,CN,33.63,114.63,48.04,45,49,5.19,scattered clouds
506,Cannington,AU,-32.02,115.95,60.01,93,75,3.36,broken clouds
507,Gat,IL,31.61,34.76,69.01,90,1,3.42,clear sky
508,Fortuna,US,40.6,-124.16,50.0,93,40,13.87,scattered clouds
509,Chake Chake,TZ,-5.25,39.77,77.38,81,21,9.19,few clouds
510,Provideniya,RU,64.38,-173.3,30.2,68,75,11.18,broken clouds
511,Kurilsk,RU,45.23,147.88,47.34,86,99,14.5,light rain
512,Nanortalik,GL,60.14,-45.24,30.87,86,84,9.46,broken clouds
513,Victor Harbor,AU,-35.57,138.62,81.0,39,47,4.0,scattered clouds
514,Vila Franca Do Campo,PT,37.72,-25.43,62.6,63,75,9.17,broken clouds
515,Carnduff,CA,49.17,-101.8,59.11,38,0,10.0,clear sky
516,Sobolevo,RU,54.43,31.9,43.9,92,95,5.7,overcast clouds
517,Tshela,CD,-4.98,12.93,74.23,95,66,0.92,broken clouds
518,Rute,ES,37.33,-4.37,64.99,71,0,1.77,clear sky
519,Salinopolis,BR,-0.61,-47.36,80.96,78,0,9.26,clear sky
520,Ravar,IR,31.27,56.81,50.65,48,0,2.3,clear sky
521,Port Lincoln,AU,-34.73,135.87,75.45,30,88,17.78,overcast clouds
522,Mercedes,AR,-34.65,-59.43,71.01,30,8,1.01,clear sky
523,Teahupoo,PF,-17.83,-149.27,87.8,58,40,16.11,scattered clouds
524,Antofagasta,CL,-23.65,-70.4,62.6,67,40,17.22,scattered clouds
525,Lukovetskiy,RU,64.3,41.92,30.2,86,90,15.66,overcast clouds
526,Asmara,ER,15.33,38.93,55.15,77,2,4.45,clear sky
527,Dire,ML,12.28,-10.97,78.15,43,0,2.26,clear sky
528,Entebbe,UG,0.06,32.45,73.4,83,20,5.82,few clouds
529,Beloha,MG,-25.17,45.05,68.32,82,0,11.63,clear sky
530,Chibuto,MZ,-24.69,33.53,68.92,77,25,5.55,scattered clouds
531,Axim,GH,4.87,-2.24,78.15,86,100,4.12,light rain
532,Iskateley,RU,67.68,53.15,30.31,96,100,11.25,overcast clouds
533,Pontes E Lacerda,BR,-15.23,-59.34,83.08,44,50,2.24,scattered clouds
534,Port Hedland,AU,-20.32,118.57,68.0,88,0,6.93,clear sky
535,Rosarito,MX,32.33,-117.03,75.2,38,5,8.05,clear sky
536,Caraquet,CA,47.79,-64.94,33.8,100,99,20.8,moderate rain
537,Mizdah,LY,31.45,12.98,56.32,59,0,3.62,clear sky
538,Katangli,RU,51.71,143.23,32.9,93,69,4.88,broken clouds
539,Wakkanai,JP,45.41,141.67,44.51,59,55,18.14,broken clouds
540,Scandiano,IT,44.6,10.69,54.0,90,59,3.11,broken clouds
541,Leesburg,US,39.12,-77.56,45.0,36,1,12.75,clear sky
542,Chatham,GB,51.38,0.53,48.99,72,0,5.01,clear sky
543,Hastings,GB,50.86,0.57,50.0,65,0,4.0,clear sky
544,Alekseyevka,RU,50.63,38.69,49.23,85,100,8.46,overcast clouds
545,Mocuba,MZ,-16.84,36.99,72.59,80,100,2.46,overcast clouds
546,Yuxia,CN,34.06,108.63,51.01,65,0,4.47,clear sky
547,Zhoucheng,CN,35.91,116.31,40.73,55,0,2.71,clear sky
548,Porto Murtinho,BR,-21.7,-57.88,79.3,49,72,0.56,broken clouds
549,Nichinan,JP,31.6,131.37,59.0,82,40,11.41,scattered clouds
550,Odweyne,SO,9.41,45.06,68.99,61,0,6.2,clear sky
551,Kirakira,SB,-10.45,161.92,77.5,91,100,11.01,moderate rain
552,Yashan,CN,22.2,109.94,61.88,68,70,7.09,broken clouds
553,Abalak,RU,58.13,68.59,23.68,98,22,5.39,few clouds
554,Beyneu,KZ,45.32,55.2,51.73,42,7,16.33,clear sky
555,Zeya,RU,53.75,127.27,13.5,86,100,6.31,overcast clouds
556,Barcelos,PT,41.54,-8.62,55.4,76,0,10.29,clear sky
557,Pryozerne,UA,45.27,36.33,53.37,83,93,4.81,overcast clouds
558,Marzuq,YE,14.4,46.47,60.24,32,0,1.45,clear sky
559,Basoko,CD,1.24,23.62,71.06,94,100,1.72,light rain
560,Boyolangu,ID,-8.12,111.89,75.43,86,44,1.05,scattered clouds
561,Chhabra,IN,24.67,76.83,65.16,27,0,3.98,clear sky
562,General Roca,AR,-39.03,-67.58,87.8,23,98,1.12,overcast clouds
563,Chumikan,RU,54.72,135.31,15.3,95,100,19.06,snow
564,Torbay,CA,47.67,-52.73,55.4,100,90,46.08,moderate rain
565,Portland,US,45.52,-122.68,68.0,39,1,3.36,clear sky
566,Pacific Grove,US,36.62,-121.92,77.0,68,1,4.7,clear sky
567,Cayenne,GF,4.93,-52.33,77.0,100,90,2.24,overcast clouds
568,Bara,NG,10.37,10.73,79.0,31,74,8.88,broken clouds
569,Pedro Betancourt,CU,22.73,-81.29,78.8,100,75,16.11,broken clouds
570,Merrill,US,45.18,-89.68,50.0,45,1,8.05,clear sky
571,Araouane,ML,18.9,-3.53,84.51,15,100,8.5,overcast clouds
572,Port Macquarie,AU,-31.43,152.92,68.0,61,81,1.99,broken clouds
573,Itagiba,BR,-14.28,-39.84,68.54,92,99,3.11,light rain
574,Aklavik,CA,68.22,-135.01,1.4,77,100,3.36,overcast clouds
575,Riobamba,EC,-1.67,-78.63,75.2,78,75,4.7,shower rain
576,Vysokogornyy,RU,50.12,139.15,22.21,92,68,12.62,broken clouds
577,Katherine,AU,-14.47,132.27,80.6,57,88,6.73,overcast clouds
578,Alihe,CN,50.57,123.72,11.53,79,0,9.51,clear sky
579,Vermilion,US,40.17,-87.75,48.99,34,1,11.41,clear sky
580,Caraballeda,VE,10.61,-66.85,75.0,94,57,9.51,light rain
581,Chateauroux,FR,46.82,1.7,53.6,93,100,8.05,light rain
582,Labytnangi,RU,66.66,66.42,22.8,96,39,6.8,scattered clouds
583,Sakaiminato,JP,35.55,133.23,46.4,100,40,4.7,fog
584,Kiama,AU,-34.68,150.87,63.0,82,20,1.99,few clouds
585,Cibeureum,ID,-7.36,108.27,70.5,94,98,1.74,overcast clouds
586,Doka,SD,13.52,35.77,80.98,34,32,3.38,scattered clouds
587,Kutum,SD,14.2,24.67,72.75,30,43,17.18,scattered clouds
588,Ust-Ishim,RU,57.69,71.17,28.02,98,91,4.29,overcast clouds
589,Canutama,BR,-6.53,-64.38,85.01,61,88,1.74,overcast clouds
590,Broken Hill,AU,-31.95,141.43,73.4,28,0,10.29,clear sky
591,Emilio Carranza,MX,19.97,-96.61,73.51,63,79,18.77,broken clouds
592,Saint-Denis,FR,48.92,2.33,52.0,81,0,5.82,clear sky
593,Caravelas,BR,-17.71,-39.25,72.28,75,98,11.32,overcast clouds
594,Oistins,BB,13.07,-59.53,82.4,69,40,17.22,scattered clouds
595,Chatra,IN,24.22,84.87,64.4,88,40,4.81,mist
596,Umm Kaddadah,SD,13.6,26.69,81.54,26,0,21.99,clear sky
597,Raudeberg,NO,61.99,5.14,46.0,81,75,11.41,broken clouds
598,Talara,PE,-4.58,-81.27,65.8,78,14,14.16,few clouds
599,Tosham,IN,28.88,75.92,64.63,24,0,4.16,clear sky
600,Jiayuguan,CN,39.82,98.3,35.96,66,0,8.57,clear sky
601,Luwuk,ID,-0.95,122.79,77.9,55,82,2.59,moderate rain
602,Barguzin,RU,53.62,109.62,16.88,82,85,2.98,overcast clouds
603,Riyadh,SA,24.69,46.72,68.0,34,0,3.36,clear sky
604,Launceston,AU,-41.45,147.17,62.01,82,77,9.17,broken clouds
605,Gamba,GA,-2.65,10.0,75.09,91,15,3.04,few clouds
606,Sur,OM,22.57,59.53,68.97,52,0,0.4,clear sky
607,Yantal,RU,56.85,105.25,25.57,91,100,7.83,overcast clouds
608,Praia Da Vitoria,PT,38.73,-27.07,62.6,67,75,12.75,broken clouds
609,Kamariotissa,GR,40.48,25.47,53.6,87,20,2.21,few clouds
610,Kupang,ID,-10.17,123.58,80.11,70,99,4.92,overcast clouds
611,Afua,BR,-0.16,-50.39,83.53,67,77,7.85,broken clouds
612,Acarau,BR,-2.89,-40.12,80.67,78,5,12.95,clear sky
613,Bonavista,CA,48.65,-53.11,55.4,100,100,21.92,light rain
614,Kununurra,AU,-15.77,128.73,77.0,88,26,3.36,scattered clouds
615,Mongo,TD,12.18,18.69,86.52,28,99,3.98,overcast clouds
616,Peniche,PT,39.36,-9.38,61.0,79,100,15.99,light rain
617,Nabire,ID,-3.37,135.48,77.63,89,52,3.36,broken clouds
618,Pemangkat,ID,1.17,108.97,77.36,89,100,5.68,light rain
619,Mangrol,IN,21.12,70.12,78.39,39,0,12.08,clear sky
620,Turukhansk,RU,65.82,87.98,14.94,97,100,8.5,light snow
621,Prince Rupert,CA,54.32,-130.32,55.4,76,40,17.22,scattered clouds
622,Ahipara,NZ,-35.17,173.17,66.56,80,100,13.87,overcast clouds
623,Goderich,CA,43.75,-81.72,44.6,52,100,23.04,overcast clouds
624,Manzanillo,CU,20.34,-77.12,81.48,78,100,8.37,overcast clouds
625,Ust-Nera,RU,64.57,143.2,-18.04,77,0,2.28,clear sky
626,Renqiu,CN,38.7,116.09,35.44,59,0,3.53,clear sky
627,Sault Sainte Marie,CA,46.52,-84.33,44.6,76,90,12.75,overcast clouds
628,Pelym,RU,61.01,62.0,25.2,96,0,4.32,clear sky
629,Bud,US,39.45,-86.18,48.0,39,26,10.09,scattered clouds
630,Tautira,PF,-17.73,-149.15,87.8,58,40,16.11,scattered clouds
631,Mattru,SL,7.62,-11.83,74.61,94,62,1.77,broken clouds
632,Mananjary,MG,-21.22,48.33,66.83,83,6,4.41,clear sky
633,Empalme,MX,27.97,-110.82,98.01,51,5,11.41,clear sky
634,Katobu,ID,-4.94,122.53,74.17,89,100,3.49,light rain
635,Comrat,MD,46.3,28.66,47.44,63,89,3.2,overcast clouds
636,Ulladulla,AU,-35.35,150.47,62.01,87,20,6.93,few clouds
637,Bela,IN,25.93,81.98,66.92,26,0,4.83,clear sky
638,Atar,MR,20.52,-13.05,83.21,17,100,11.43,overcast clouds
639,Gao,ML,16.64,1.64,78.28,17,0,9.6,clear sky
640,Villa Maria,AR,-32.41,-63.24,75.99,39,1,1.99,clear sky
641,Curumani,CO,9.2,-73.54,81.9,80,98,2.44,light rain
642,Oranjestad,AW,12.52,-70.03,86.0,74,40,8.05,scattered clouds
643,Misratah,LY,32.38,15.09,69.58,62,0,4.32,clear sky
644,Hambantota,LK,6.12,81.12,77.0,100,90,1.12,overcast clouds
645,Meadow Lake,US,34.8,-106.54,68.0,25,75,4.7,broken clouds
646,Posse,BR,-14.09,-46.37,70.27,90,100,1.59,moderate rain
647,Yerbogachen,RU,61.28,108.01,23.77,98,100,8.28,light snow
648,Awjilah,LY,29.11,21.29,64.13,62,0,9.71,clear sky
649,Orlik,RU,52.52,99.83,18.93,85,100,2.39,overcast clouds
650,Rio Gallegos,AR,-51.62,-69.22,59.0,67,75,6.93,light rain
651,Newport,GB,51.59,-3.0,50.0,78,0,1.01,clear sky
652,Eenhana,NA,-17.47,16.33,87.8,8,26,6.93,scattered clouds
653,Yuci,CN,37.68,112.73,26.6,73,0,2.24,clear sky
654,Tefe,BR,-3.35,-64.71,87.8,66,40,2.24,scattered clouds
655,Kontagora,NG,10.4,5.47,77.14,40,91,2.3,overcast clouds
656,Abashiri,JP,44.02,144.27,45.0,75,100,5.99,overcast clouds
657,Carutapera,BR,-1.2,-46.02,79.65,80,16,6.38,light rain
658,Gazanjyk,TM,39.24,55.52,64.31,26,60,8.14,broken clouds
659,Tual,ID,-5.67,132.75,83.14,75,100,9.33,light rain
660,Belaya Rechka,RU,43.44,43.53,55.4,76,90,2.24,overcast clouds
661,Chokwe,MZ,-24.53,32.98,72.7,68,16,6.93,few clouds
662,Taksimo,RU,56.34,114.88,2.75,78,0,0.49,clear sky
663,Kolokani,ML,13.57,-8.03,79.84,23,70,3.67,broken clouds
664,Vila Do Maio,CV,15.13,-23.22,80.6,51,0,12.75,clear sky
665,Kathu,TH,7.92,98.33,84.99,88,20,8.12,few clouds
666,Edson,CA,53.58,-116.44,69.8,14,1,9.17,clear sky
667,Parana,AR,-31.73,-60.52,72.93,44,0,7.09,clear sky
668,Evinayong,GQ,1.44,10.55,68.52,97,100,0.51,overcast clouds
669,Olafsvik,IS,64.89,-23.71,39.69,79,95,19.35,light rain
670,Ziniare,BF,12.58,-1.3,82.4,42,80,3.36,broken clouds
671,Muzhi,RU,65.37,64.67,26.44,93,70,10.0,broken clouds
672,Botwood,CA,49.15,-55.35,57.0,92,100,11.99,light rain
673,Camacari,BR,-12.7,-38.32,75.2,94,75,11.41,moderate rain
674,Rocha,UY,-34.48,-54.33,56.88,83,14,6.35,few clouds
675,La Rochelle,FR,46.17,-1.15,53.6,81,90,3.36,overcast clouds
676,Chicama,PE,-7.84,-79.15,68.85,62,71,8.48,broken clouds
677,Joshimath,IN,30.57,79.57,47.16,49,0,3.85,clear sky
678,Zonguldak,TR,41.25,31.83,44.94,86,0,3.24,clear sky
679,Petropavl,KZ,54.88,69.16,28.99,97,31,7.94,scattered clouds
680,Sangar,RU,63.92,127.47,-10.52,90,1,1.25,clear sky
681,Samarai,PG,-10.62,150.67,83.01,78,77,6.02,light rain
682,Minakuchi,JP,34.97,136.17,59.0,65,76,9.66,broken clouds
683,Santa Cruz De Tenerife,ES,28.47,-16.25,69.01,93,40,8.05,scattered clouds
684,Acajutla,SV,13.59,-89.83,80.6,51,20,4.7,few clouds
685,Mount Hagen,PG,-5.86,144.23,65.41,83,100,1.01,overcast clouds
686,Marquette,US,46.53,-87.63,46.0,52,1,11.41,clear sky
687,Ayan,RU,56.45,138.17,15.48,95,100,25.81,light snow
688,Ukiah,US,39.15,-123.21,87.01,13,1,3.36,clear sky
689,Svobodnyy,RU,51.4,128.13,13.68,89,100,16.11,overcast clouds
690,Touros,BR,-5.2,-35.46,80.6,78,20,16.11,few clouds
691,Yatou,CN,37.15,122.38,43.38,59,25,11.61,scattered clouds
692,Bilibino,RU,68.05,166.44,-5.6,89,93,3.4,overcast clouds
693,Krasnystaw,PL,50.98,23.17,50.0,100,90,4.7,overcast clouds
694,Melfi,IT,41.0,15.65,50.0,100,5,8.05,clear sky
695,Huancavelica,PE,-12.77,-74.98,46.71,63,100,4.14,light rain
